Metric,Baseline,Tuned,Improvement,Improvement %
Accuracy,0.7338537970191625,0.7856635911994322,0.05180979418026965,7.059961315280458
Precision (Churn=1),0.49872122762148335,0.6636363636363637,0.16491513601488034,33.06759906759908
Recall (Churn=1),0.5213903743315508,0.39037433155080214,-0.13101604278074863,-25.12820512820512
F1-Score (Churn=1),0.5098039215686274,0.49158249158249157,-0.01822142998613585,-3.5742035742035707
