Metric,Baseline,Tuned,Improvement,Improvement %
Accuracy,0.709013484740951,0.7799858055358411,0.07097232079489002,10.010010010010014
Precision (Churn=1),0.45408163265306123,0.624031007751938,0.16994937509887675,37.42705339256162
Recall (Churn=1),0.47593582887700536,0.4304812834224599,-0.04545454545454547,-9.550561797752811
F1-Score (Churn=1),0.46475195822454307,0.509493670886076,0.04474171266153293,9.627008960318602
