Model,Accuracy,Precision,Recall,AUC Score
Decision Tree,0.7856635911994322,0.6636363636363637,0.39037433155080214,0.8176147665917487
Neural Network,0.7977288961410522,0.6618181818181819,0.48663101604278075,0.8416879795396419
