Model,Accuracy,Precision,Recall,AUC Score
Decision Tree,0.7856635911994322,0.6636363636363637,0.39037433155080214,0.8176147665917487
Neural Network,0.7977288961410522,0.6289855241775513,0.5802139043807983,0.845537213567904
