Model,Accuracy,Precision,Recall,AUC Score
Decision Tree,0.7856635911994322,0.6636363636363637,0.39037433155080214,0.8176147665917487
Neural Network,0.8005678057670593,0.6534653465346535,0.5294117647058824,0.8463483944302359
