Model,Accuracy,Precision,Recall,F1-Score,ROC-AUC
Decision Tree,0.7799858055358411,0.624031007751938,0.4304812834224599,0.509493670886076,0.8118641659562376
Neural Network,0.7984386089425124,0.6530612244897959,0.5133689839572193,0.5748502994011976,0.8452117078715544
