Model,Accuracy,Precision,Recall,F1-Score,ROC-AUC
Decision Tree,0.7856635911994322,0.6636363636363637,0.39037433155080214,0.49158249158249157,0.8176147665917487
Neural Network,0.8005677785663591,0.6534653465346535,0.5294117647058824,0.5849335302806499,0.8463483944302359
