Metric,Baseline,Tuned,Improvement,Improvement %
Accuracy,0.7927608489990234,0.7913413643836975,-0.0014194846153259277,-0.17905584226544927
Precision (Churn=1),0.6375838926174496,0.6265822649002075,-0.011001627717242113,-1.7255184524937632
Recall (Churn=1),0.5080213903743316,0.529411792755127,0.02139040238079537,4.210531837061826
F1-Score (Churn=1),0.5654761904761905,0.5739130434782609,0.008436853002070421,1.4919908466819272
