Metric,Baseline,Tuned,Improvement,Improvement %
Accuracy,0.7927608489990234,0.7984386086463928,0.005677759647369385,0.7162008132135167
Precision (Churn=1),0.632258064516129,0.6530612244897959,0.020803159973666885,3.290295710120783
Recall (Churn=1),0.5240641711229946,0.5133689839572193,-0.010695187165775333,-2.0408163265305994
F1-Score (Churn=1),0.5730994152046783,0.5748502994011976,0.0017508841965192534,0.3055114261273391
