Metric,Baseline,Tuned,Improvement,Improvement %
Accuracy,0.7955996990203857,0.7977288961410522,0.002129197120666504,0.26762165989858516
Precision (Churn=1),0.6319018404907976,0.6618181818181819,0.0299163413273843,4.734333627537516
Recall (Churn=1),0.5508021390374331,0.48663101604278075,-0.06417112299465239,-11.6504854368932
F1-Score (Churn=1),0.5885714285714285,0.5608628659476117,-0.027708562623816824,-4.70776549433781
