Metric,Baseline,Tuned,Improvement,Improvement %
Accuracy,0.7927608489990234,0.8005678057670593,0.007806956768035889,0.9847808173036439
Precision (Churn=1),0.6357615894039735,0.6534653465346535,0.017703757130679953,2.7846534653465342
Recall (Churn=1),0.5133689839572193,0.5294117647058824,0.016042780748663055,3.1249999999999907
F1-Score (Churn=1),0.5680473372781065,0.5849335302806499,0.016886193002543348,2.972673559822735
